,file_path,label,image_size,image_size_kb
0,/content/Training/Training/smoking_0044.jpg,smoking,"(250, 250)",52.6162109375
1,/content/Training/Training/notsmoking_0152.jpg,not-smoking,"(250, 250)",47.8310546875
2,/content/Training/Training/smoking_0140.jpg,smoking,"(250, 250)",99.03125
3,/content/Training/Training/notsmoking_0099.jpg,not-smoking,"(250, 250)",125.9423828125
4,/content/Training/Training/smoking_0130.jpg,smoking,"(250, 250)",68.3154296875
5,/content/Training/Training/smoking_0258.jpg,smoking,"(250, 250)",75.197265625
6,/content/Training/Training/smoking_0106.jpg,smoking,"(250, 250)",69.8720703125
7,/content/Training/Training/notsmoking_0156.jpg,not-smoking,"(250, 250)",71.6220703125
8,/content/Training/Training/notsmoking_0125.jpg,not-smoking,"(250, 250)",70.26171875
9,/content/Training/Training/notsmoking_0164.jpg,not-smoking,"(250, 250)",65.53125
10,/content/Training/Training/smoking_0530.jpg,smoking,"(250, 250)",80.548828125
11,/content/Training/Training/notsmoking_0506.jpg,not-smoking,"(250, 250)",72.060546875
12,/content/Training/Training/smoking_0422.jpg,smoking,"(250, 250)",55.2666015625
13,/content/Training/Training/smoking_0003.jpg,smoking,"(250, 250)",58.87890625
14,/content/Training/Training/notsmoking_0191.jpg,not-smoking,"(250, 250)",87.576171875
15,/content/Training/Training/smoking_0376.jpg,smoking,"(250, 250)",71.251953125
16,/content/Training/Training/smoking_0286.jpg,smoking,"(250, 250)",61.5478515625
17,/content/Training/Training/smoking_0529.jpg,smoking,"(250, 250)",99.6103515625
18,/content/Training/Training/notsmoking_0089.jpg,not-smoking,"(250, 250)",63.703125
19,/content/Training/Training/notsmoking_0552.jpg,not-smoking,"(250, 250)",77.3857421875
20,/content/Training/Training/smoking_0383.jpg,smoking,"(250, 250)",60.2490234375
21,/content/Training/Training/smoking_0148.jpg,smoking,"(250, 250)",80.328125
22,/content/Training/Training/smoking_0274.jpg,smoking,"(250, 250)",58.8837890625
23,/content/Training/Training/notsmoking_0492.jpg,not-smoking,"(250, 250)",54.318359375
24,/content/Training/Training/notsmoking_0441.jpg,not-smoking,"(250, 250)",53.5859375
25,/content/Training/Training/smoking_0262.jpg,smoking,"(250, 250)",110.9609375
26,/content/Training/Training/notsmoking_0297.jpg,not-smoking,"(250, 250)",67.0947265625
27,/content/Training/Training/smoking_0065.jpg,smoking,"(250, 250)",85.4619140625
28,/content/Training/Training/notsmoking_0491.jpg,not-smoking,"(250, 250)",60.271484375
29,/content/Training/Training/smoking_0227.jpg,smoking,"(250, 250)",103.0107421875
30,/content/Training/Training/notsmoking_0431.jpg,not-smoking,"(250, 250)",66.9013671875
31,/content/Training/Training/notsmoking_0242.jpg,not-smoking,"(250, 250)",56.814453125
32,/content/Training/Training/notsmoking_0225.jpg,not-smoking,"(250, 250)",59.267578125
33,/content/Training/Training/notsmoking_0232.jpg,not-smoking,"(250, 250)",63.3955078125
34,/content/Training/Training/notsmoking_0003.jpg,not-smoking,"(250, 250)",82.7373046875
35,/content/Training/Training/notsmoking_0254.jpg,not-smoking,"(250, 250)",63.3779296875
36,/content/Training/Training/smoking_0187.jpg,smoking,"(250, 250)",78.6494140625
37,/content/Training/Training/notsmoking_0136.jpg,not-smoking,"(250, 250)",67.6669921875
38,/content/Training/Training/smoking_0138.jpg,smoking,"(250, 250)",84.2255859375
39,/content/Training/Training/smoking_0078.jpg,smoking,"(250, 250)",95.572265625
40,/content/Training/Training/notsmoking_0220.jpg,not-smoking,"(250, 250)",77.7412109375
41,/content/Training/Training/notsmoking_0183.jpg,not-smoking,"(250, 250)",61.5234375
42,/content/Training/Training/smoking_0228.jpg,smoking,"(250, 250)",85.650390625
43,/content/Training/Training/smoking_0202.jpg,smoking,"(250, 250)",74.806640625
44,/content/Training/Training/smoking_0539.jpg,smoking,"(250, 250)",95.74609375
45,/content/Training/Training/smoking_0557.jpg,smoking,"(250, 250)",78.681640625
46,/content/Training/Training/notsmoking_0157.jpg,not-smoking,"(250, 250)",69.41015625
47,/content/Training/Training/notsmoking_0045.jpg,not-smoking,"(250, 250)",53.783203125
48,/content/Training/Training/smoking_0473.jpg,smoking,"(250, 250)",50.099609375
49,/content/Training/Training/smoking_0233.jpg,smoking,"(250, 250)",66.6318359375
50,/content/Training/Training/notsmoking_0119.jpg,not-smoking,"(250, 250)",58.8818359375
51,/content/Training/Training/smoking_0428.jpg,smoking,"(250, 250)",83.0439453125
52,/content/Training/Training/notsmoking_0325.jpg,not-smoking,"(250, 250)",68.1123046875
53,/content/Training/Training/notsmoking_0395.jpg,not-smoking,"(250, 250)",72.490234375
54,/content/Training/Training/notsmoking_0352.jpg,not-smoking,"(250, 250)",79.3994140625
55,/content/Training/Training/notsmoking_0309.jpg,not-smoking,"(250, 250)",75.314453125
56,/content/Training/Training/notsmoking_0170.jpg,not-smoking,"(250, 250)",54.4208984375
57,/content/Training/Training/notsmoking_0380.jpg,not-smoking,"(250, 250)",58.791015625
58,/content/Training/Training/smoking_0359.jpg,smoking,"(250, 250)",80.8125
59,/content/Training/Training/notsmoking_0496.jpg,not-smoking,"(250, 250)",51.255859375
60,/content/Training/Training/notsmoking_0126.jpg,not-smoking,"(250, 250)",69.646484375
61,/content/Training/Training/notsmoking_0101.jpg,not-smoking,"(250, 250)",54.3916015625
62,/content/Training/Training/notsmoking_0227.jpg,not-smoking,"(250, 250)",62.34375
63,/content/Training/Training/notsmoking_0181.jpg,not-smoking,"(250, 250)",101.3818359375
64,/content/Training/Training/notsmoking_0028.jpg,not-smoking,"(250, 250)",64.7001953125
65,/content/Training/Training/smoking_0296.jpg,smoking,"(250, 250)",61.306640625
66,/content/Training/Training/smoking_0027.jpg,smoking,"(250, 250)",77.2666015625
67,/content/Training/Training/notsmoking_0148.jpg,not-smoking,"(250, 250)",83.119140625
68,/content/Training/Training/notsmoking_0308.jpg,not-smoking,"(250, 250)",64.80859375
69,/content/Training/Training/notsmoking_0144.jpg,not-smoking,"(250, 250)",71.5634765625
70,/content/Training/Training/notsmoking_0129.jpg,not-smoking,"(250, 250)",67.7783203125
71,/content/Training/Training/smoking_0117.jpg,smoking,"(250, 250)",87.14453125
72,/content/Training/Training/notsmoking_0162.jpg,not-smoking,"(250, 250)",60.9404296875
73,/content/Training/Training/notsmoking_0311.jpg,not-smoking,"(250, 250)",76.525390625
74,/content/Training/Training/smoking_0251.jpg,smoking,"(250, 250)",76.583984375
75,/content/Training/Training/notsmoking_0094.jpg,not-smoking,"(250, 250)",88.8828125
76,/content/Training/Training/smoking_0048.jpg,smoking,"(250, 250)",92.5810546875
77,/content/Training/Training/notsmoking_0247.jpg,not-smoking,"(250, 250)",64.654296875
78,/content/Training/Training/notsmoking_0346.jpg,not-smoking,"(250, 250)",75.0205078125
79,/content/Training/Training/notsmoking_0066.jpg,not-smoking,"(250, 250)",76.1796875
80,/content/Training/Training/smoking_0327.jpg,smoking,"(250, 250)",56.5732421875
81,/content/Training/Training/notsmoking_0146.jpg,not-smoking,"(250, 250)",73.2861328125
82,/content/Training/Training/notsmoking_0421.jpg,not-smoking,"(250, 250)",69.8623046875
83,/content/Training/Training/smoking_0147.jpg,smoking,"(250, 250)",71.791015625
84,/content/Training/Training/notsmoking_0109.jpg,not-smoking,"(250, 250)",64.67578125
85,/content/Training/Training/smoking_0396.jpg,smoking,"(250, 250)",71.5263671875
86,/content/Training/Training/notsmoking_0435.jpg,not-smoking,"(250, 250)",52.5830078125
87,/content/Training/Training/notsmoking_0079.jpg,not-smoking,"(250, 250)",66.302734375
88,/content/Training/Training/notsmoking_0392.jpg,not-smoking,"(250, 250)",69.103515625
89,/content/Training/Training/smoking_0173.jpg,smoking,"(250, 250)",85.12109375
90,/content/Training/Training/smoking_0307.jpg,smoking,"(250, 250)",35.0869140625
91,/content/Training/Training/notsmoking_0203.jpg,not-smoking,"(250, 250)",77.5107421875
92,/content/Training/Training/notsmoking_0320.jpg,not-smoking,"(250, 250)",60.966796875
93,/content/Training/Training/smoking_0128.jpg,smoking,"(250, 250)",84.4365234375
94,/content/Training/Training/smoking_0134.jpg,smoking,"(250, 250)",123.3271484375
95,/content/Training/Training/notsmoking_0064.jpg,not-smoking,"(250, 250)",36.4912109375
96,/content/Training/Training/smoking_0517.jpg,smoking,"(250, 250)",70.501953125
97,/content/Training/Training/smoking_0531.jpg,smoking,"(250, 250)",72.912109375
98,/content/Training/Training/smoking_0223.jpg,smoking,"(250, 250)",62.8466796875
99,/content/Training/Training/notsmoking_0088.jpg,not-smoking,"(250, 250)",85.1220703125
100,/content/Training/Training/notsmoking_0237.jpg,not-smoking,"(250, 250)",70.599609375
101,/content/Training/Training/smoking_0216.jpg,smoking,"(250, 250)",70.32421875
102,/content/Training/Training/notsmoking_0013.jpg,not-smoking,"(250, 250)",81.0390625
103,/content/Training/Training/smoking_0250.jpg,smoking,"(250, 250)",76.390625
104,/content/Training/Training/notsmoking_0454.jpg,not-smoking,"(250, 250)",67.0908203125
105,/content/Training/Training/smoking_0393.jpg,smoking,"(250, 250)",79.0126953125
106,/content/Training/Training/smoking_0034.jpg,smoking,"(250, 250)",70.9814453125
107,/content/Training/Training/smoking_0458.jpg,smoking,"(250, 250)",54.8017578125
108,/content/Training/Training/notsmoking_0379.jpg,not-smoking,"(250, 250)",68.9404296875
109,/content/Training/Training/smoking_0304.jpg,smoking,"(250, 250)",70.39453125
110,/content/Training/Training/notsmoking_0401.jpg,not-smoking,"(250, 250)",62.3662109375
111,/content/Training/Training/notsmoking_0020.jpg,not-smoking,"(250, 250)",75.26953125
112,/content/Training/Training/smoking_0509.jpg,smoking,"(250, 250)",87.3876953125
113,/content/Training/Training/notsmoking_0312.jpg,not-smoking,"(250, 250)",70.4326171875
114,/content/Training/Training/smoking_0109.jpg,smoking,"(250, 250)",60.0400390625
115,/content/Training/Training/smoking_0504.jpg,smoking,"(250, 250)",83.7470703125
116,/content/Training/Training/notsmoking_0332.jpg,not-smoking,"(250, 250)",71.9443359375
117,/content/Training/Training/smoking_0380.jpg,smoking,"(250, 250)",79.1181640625
118,/content/Training/Training/smoking_0021.jpg,smoking,"(250, 250)",60.4814453125
119,/content/Training/Training/smoking_0004.jpg,smoking,"(250, 250)",59.390625
120,/content/Training/Training/smoking_0243.jpg,smoking,"(250, 250)",76.390625
121,/content/Training/Training/notsmoking_0444.jpg,not-smoking,"(250, 250)",61.3603515625
122,/content/Training/Training/smoking_0548.jpg,smoking,"(250, 250)",57.6298828125
123,/content/Training/Training/notsmoking_0548.jpg,not-smoking,"(250, 250)",88.0390625
124,/content/Training/Training/notsmoking_0362.jpg,not-smoking,"(250, 250)",68.763671875
125,/content/Training/Training/smoking_0489.jpg,smoking,"(250, 250)",49.1865234375
126,/content/Training/Training/smoking_0316.jpg,smoking,"(250, 250)",49.7783203125
127,/content/Training/Training/smoking_0149.jpg,smoking,"(250, 250)",75.4375
128,/content/Training/Training/smoking_0524.jpg,smoking,"(250, 250)",99.841796875
129,/content/Training/Training/smoking_0248.jpg,smoking,"(250, 250)",88.330078125
130,/content/Training/Training/notsmoking_0527.jpg,not-smoking,"(250, 250)",64.16015625
131,/content/Training/Training/smoking_0263.jpg,smoking,"(250, 250)",66.326171875
132,/content/Training/Training/smoking_0007.jpg,smoking,"(250, 250)",45.7265625
133,/content/Training/Training/notsmoking_0007.jpg,not-smoking,"(250, 250)",44.44140625
134,/content/Training/Training/smoking_0215.jpg,smoking,"(250, 250)",71.302734375
135,/content/Training/Training/smoking_0314.jpg,smoking,"(250, 250)",46.021484375
136,/content/Training/Training/smoking_0249.jpg,smoking,"(250, 250)",87.5390625
137,/content/Training/Training/notsmoking_0448.jpg,not-smoking,"(250, 250)",54.51171875
138,/content/Training/Training/smoking_0518.jpg,smoking,"(250, 250)",78.4853515625
139,/content/Training/Training/smoking_0414.jpg,smoking,"(250, 250)",74.029296875
140,/content/Training/Training/smoking_0386.jpg,smoking,"(250, 250)",81.15625
141,/content/Training/Training/smoking_0114.jpg,smoking,"(250, 250)",70.8154296875
142,/content/Training/Training/notsmoking_0285.jpg,not-smoking,"(250, 250)",70.8154296875
143,/content/Training/Training/smoking_0125.jpg,smoking,"(250, 250)",97.4208984375
144,/content/Training/Training/notsmoking_0372.jpg,not-smoking,"(250, 250)",64.5126953125
145,/content/Training/Training/smoking_0387.jpg,smoking,"(250, 250)",77.1435546875
146,/content/Training/Training/smoking_0269.jpg,smoking,"(250, 250)",59.1904296875
147,/content/Training/Training/notsmoking_0545.jpg,not-smoking,"(250, 250)",67.0205078125
148,/content/Training/Training/smoking_0370.jpg,smoking,"(250, 250)",95.287109375
149,/content/Training/Training/smoking_0158.jpg,smoking,"(250, 250)",83.009765625
150,/content/Training/Training/smoking_0498.jpg,smoking,"(250, 250)",87.2919921875
151,/content/Training/Training/notsmoking_0476.jpg,not-smoking,"(250, 250)",93.783203125
152,/content/Training/Training/notsmoking_0371.jpg,not-smoking,"(250, 250)",73.365234375
153,/content/Training/Training/notsmoking_0022.jpg,not-smoking,"(250, 250)",70.9111328125
154,/content/Training/Training/notsmoking_0215.jpg,not-smoking,"(250, 250)",76.869140625
155,/content/Training/Training/notsmoking_0490.jpg,not-smoking,"(250, 250)",63.125
156,/content/Training/Training/smoking_0178.jpg,smoking,"(250, 250)",133.2958984375
157,/content/Training/Training/notsmoking_0450.jpg,not-smoking,"(250, 250)",82.857421875
158,/content/Training/Training/smoking_0057.jpg,smoking,"(250, 250)",62.05078125
159,/content/Training/Training/notsmoking_0516.jpg,not-smoking,"(250, 250)",73.9775390625
160,/content/Training/Training/smoking_0042.jpg,smoking,"(250, 250)",92.6181640625
161,/content/Training/Training/notsmoking_0389.jpg,not-smoking,"(250, 250)",48.7451171875
162,/content/Training/Training/smoking_0273.jpg,smoking,"(250, 250)",77.947265625
163,/content/Training/Training/smoking_0512.jpg,smoking,"(250, 250)",65.1796875
164,/content/Training/Training/notsmoking_0249.jpg,not-smoking,"(250, 250)",67.8896484375
165,/content/Training/Training/notsmoking_0499.jpg,not-smoking,"(250, 250)",77.5869140625
166,/content/Training/Training/smoking_0388.jpg,smoking,"(250, 250)",73.0048828125
167,/content/Training/Training/smoking_0232.jpg,smoking,"(250, 250)",105.2314453125
168,/content/Training/Training/smoking_0162.jpg,smoking,"(250, 250)",87.7294921875
169,/content/Training/Training/smoking_0285.jpg,smoking,"(250, 250)",75.1259765625
170,/content/Training/Training/notsmoking_0231.jpg,not-smoking,"(250, 250)",53.4365234375
171,/content/Training/Training/smoking_0075.jpg,smoking,"(250, 250)",83.41796875
172,/content/Training/Training/smoking_0095.jpg,smoking,"(250, 250)",85.76953125
173,/content/Training/Training/notsmoking_0139.jpg,not-smoking,"(250, 250)",87.5205078125
174,/content/Training/Training/smoking_0092.jpg,smoking,"(250, 250)",56.0703125
175,/content/Training/Training/notsmoking_0317.jpg,not-smoking,"(250, 250)",74.3994140625
176,/content/Training/Training/smoking_0094.jpg,smoking,"(250, 250)",74.548828125
177,/content/Training/Training/notsmoking_0505.jpg,not-smoking,"(250, 250)",69.3740234375
178,/content/Training/Training/smoking_0259.jpg,smoking,"(250, 250)",76.3134765625
179,/content/Training/Training/notsmoking_0396.jpg,not-smoking,"(250, 250)",60.6171875
180,/content/Training/Training/smoking_0420.jpg,smoking,"(250, 250)",71.228515625
181,/content/Training/Training/notsmoking_0305.jpg,not-smoking,"(250, 250)",70.4677734375
182,/content/Training/Training/notsmoking_0002.jpg,not-smoking,"(250, 250)",74.4384765625
183,/content/Training/Training/smoking_0544.jpg,smoking,"(250, 250)",64.1630859375
184,/content/Training/Training/smoking_0510.jpg,smoking,"(250, 250)",103.5693359375
185,/content/Training/Training/smoking_0373.jpg,smoking,"(250, 250)",53.5693359375
186,/content/Training/Training/smoking_0123.jpg,smoking,"(250, 250)",73.201171875
187,/content/Training/Training/smoking_0432.jpg,smoking,"(250, 250)",73.0419921875
188,/content/Training/Training/smoking_0459.jpg,smoking,"(250, 250)",77.951171875
189,/content/Training/Training/notsmoking_0221.jpg,not-smoking,"(250, 250)",75.3046875
190,/content/Training/Training/notsmoking_0273.jpg,not-smoking,"(250, 250)",61.892578125
191,/content/Training/Training/smoking_0384.jpg,smoking,"(250, 250)",53.2001953125
192,/content/Training/Training/notsmoking_0367.jpg,not-smoking,"(250, 250)",73.1884765625
193,/content/Training/Training/smoking_0046.jpg,smoking,"(250, 250)",75.890625
194,/content/Training/Training/smoking_0483.jpg,smoking,"(250, 250)",55.9580078125
195,/content/Training/Training/smoking_0448.jpg,smoking,"(250, 250)",77.6279296875
196,/content/Training/Training/smoking_0126.jpg,smoking,"(250, 250)",57.197265625
197,/content/Training/Training/notsmoking_0471.jpg,not-smoking,"(250, 250)",67.5068359375
198,/content/Training/Training/notsmoking_0316.jpg,not-smoking,"(250, 250)",72.5693359375
199,/content/Training/Training/notsmoking_0039.jpg,not-smoking,"(250, 250)",78.0302734375
200,/content/Training/Training/notsmoking_0047.jpg,not-smoking,"(250, 250)",85.537109375
201,/content/Training/Training/smoking_0358.jpg,smoking,"(250, 250)",71.7626953125
202,/content/Training/Training/notsmoking_0546.jpg,not-smoking,"(250, 250)",60.23828125
203,/content/Training/Training/smoking_0032.jpg,smoking,"(250, 250)",80.119140625
204,/content/Training/Training/notsmoking_0033.jpg,not-smoking,"(250, 250)",49.70703125
205,/content/Training/Training/notsmoking_0111.jpg,not-smoking,"(250, 250)",69.109375
206,/content/Training/Training/smoking_0366.jpg,smoking,"(250, 250)",60.9560546875
207,/content/Training/Training/notsmoking_0023.jpg,not-smoking,"(250, 250)",59.634765625
208,/content/Training/Training/smoking_0265.jpg,smoking,"(250, 250)",76.10546875
209,/content/Training/Training/notsmoking_0261.jpg,not-smoking,"(250, 250)",66.2021484375
210,/content/Training/Training/smoking_0466.jpg,smoking,"(250, 250)",91.498046875
211,/content/Training/Training/notsmoking_0068.jpg,not-smoking,"(250, 250)",55.783203125
212,/content/Training/Training/notsmoking_0240.jpg,not-smoking,"(250, 250)",74.646484375
213,/content/Training/Training/notsmoking_0274.jpg,not-smoking,"(250, 250)",58.8544921875
214,/content/Training/Training/notsmoking_0257.jpg,not-smoking,"(250, 250)",55.1044921875
215,/content/Training/Training/smoking_0207.jpg,smoking,"(250, 250)",85.8056640625
216,/content/Training/Training/notsmoking_0226.jpg,not-smoking,"(250, 250)",65.15625
217,/content/Training/Training/notsmoking_0131.jpg,not-smoking,"(250, 250)",84.7080078125
218,/content/Training/Training/notsmoking_0314.jpg,not-smoking,"(250, 250)",60.3916015625
219,/content/Training/Training/notsmoking_0250.jpg,not-smoking,"(250, 250)",68.3134765625
220,/content/Training/Training/notsmoking_0132.jpg,not-smoking,"(250, 250)",68.919921875
221,/content/Training/Training/notsmoking_0475.jpg,not-smoking,"(250, 250)",68.1728515625
222,/content/Training/Training/smoking_0168.jpg,smoking,"(250, 250)",52.1064453125
223,/content/Training/Training/notsmoking_0472.jpg,not-smoking,"(250, 250)",62.2568359375
224,/content/Training/Training/smoking_0267.jpg,smoking,"(250, 250)",93.7685546875
225,/content/Training/Training/smoking_0011.jpg,smoking,"(250, 250)",61.240234375
226,/content/Training/Training/notsmoking_0348.jpg,not-smoking,"(250, 250)",75.0048828125
227,/content/Training/Training/notsmoking_0025.jpg,not-smoking,"(250, 250)",92.5205078125
228,/content/Training/Training/notsmoking_0280.jpg,not-smoking,"(250, 250)",83.046875
229,/content/Training/Training/smoking_0053.jpg,smoking,"(250, 250)",91.265625
230,/content/Training/Training/smoking_0203.jpg,smoking,"(250, 250)",78.7939453125
231,/content/Training/Training/smoking_0434.jpg,smoking,"(250, 250)",59.34765625
232,/content/Training/Training/notsmoking_0474.jpg,not-smoking,"(250, 250)",70.33203125
233,/content/Training/Training/notsmoking_0269.jpg,not-smoking,"(250, 250)",78.283203125
234,/content/Training/Training/smoking_0231.jpg,smoking,"(250, 250)",77.5263671875
235,/content/Training/Training/notsmoking_0072.jpg,not-smoking,"(250, 250)",71.4140625
236,/content/Training/Training/smoking_0219.jpg,smoking,"(250, 250)",66.546875
237,/content/Training/Training/smoking_0115.jpg,smoking,"(250, 250)",78.6220703125
238,/content/Training/Training/notsmoking_0149.jpg,not-smoking,"(250, 250)",61.705078125
239,/content/Training/Training/smoking_0141.jpg,smoking,"(250, 250)",100.0556640625
240,/content/Training/Training/smoking_0431.jpg,smoking,"(250, 250)",105.013671875
241,/content/Training/Training/smoking_0039.jpg,smoking,"(250, 250)",84.8310546875
242,/content/Training/Training/smoking_0025.jpg,smoking,"(250, 250)",54.451171875
243,/content/Training/Training/smoking_0395.jpg,smoking,"(250, 250)",81.8388671875
244,/content/Training/Training/notsmoking_0083.jpg,not-smoking,"(250, 250)",67.5478515625
245,/content/Training/Training/smoking_0382.jpg,smoking,"(250, 250)",71.5400390625
246,/content/Training/Training/smoking_0503.jpg,smoking,"(250, 250)",79.22265625
247,/content/Training/Training/smoking_0029.jpg,smoking,"(250, 250)",107.677734375
248,/content/Training/Training/notsmoking_0286.jpg,not-smoking,"(250, 250)",55.1943359375
249,/content/Training/Training/smoking_0549.jpg,smoking,"(250, 250)",62.2373046875
250,/content/Training/Training/notsmoking_0470.jpg,not-smoking,"(250, 250)",78.5166015625
251,/content/Training/Training/notsmoking_0340.jpg,not-smoking,"(250, 250)",69.841796875
252,/content/Training/Training/smoking_0131.jpg,smoking,"(250, 250)",75.326171875
253,/content/Training/Training/smoking_0156.jpg,smoking,"(250, 250)",67.078125
254,/content/Training/Training/notsmoking_0082.jpg,not-smoking,"(250, 250)",72.2158203125
255,/content/Training/Training/notsmoking_0138.jpg,not-smoking,"(250, 250)",59.71484375
256,/content/Training/Training/smoking_0508.jpg,smoking,"(250, 250)",46.0615234375
257,/content/Training/Training/notsmoking_0458.jpg,not-smoking,"(250, 250)",56.8173828125
258,/content/Training/Training/notsmoking_0390.jpg,not-smoking,"(250, 250)",74.0029296875
259,/content/Training/Training/smoking_0245.jpg,smoking,"(250, 250)",82.453125
260,/content/Training/Training/smoking_0013.jpg,smoking,"(250, 250)",75.3779296875
261,/content/Training/Training/notsmoking_0188.jpg,not-smoking,"(250, 250)",61.1064453125
262,/content/Training/Training/smoking_0247.jpg,smoking,"(250, 250)",97.0419921875
263,/content/Training/Training/notsmoking_0173.jpg,not-smoking,"(250, 250)",77.1171875
264,/content/Training/Training/notsmoking_0408.jpg,not-smoking,"(250, 250)",55.7587890625
265,/content/Training/Training/smoking_0318.jpg,smoking,"(250, 250)",67.6767578125
266,/content/Training/Training/notsmoking_0366.jpg,not-smoking,"(250, 250)",82.8203125
267,/content/Training/Training/smoking_0462.jpg,smoking,"(250, 250)",69.900390625
268,/content/Training/Training/smoking_0493.jpg,smoking,"(250, 250)",88.1962890625
269,/content/Training/Training/notsmoking_0184.jpg,not-smoking,"(250, 250)",82.4638671875
270,/content/Training/Training/smoking_0019.jpg,smoking,"(250, 250)",72.7548828125
271,/content/Training/Training/smoking_0324.jpg,smoking,"(250, 250)",72.14453125
272,/content/Training/Training/notsmoking_0074.jpg,not-smoking,"(250, 250)",72.97265625
273,/content/Training/Training/smoking_0015.jpg,smoking,"(250, 250)",78.4912109375
274,/content/Training/Training/notsmoking_0266.jpg,not-smoking,"(250, 250)",56.2265625
275,/content/Training/Training/smoking_0133.jpg,smoking,"(250, 250)",79.7080078125
276,/content/Training/Training/notsmoking_0234.jpg,not-smoking,"(250, 250)",79.1533203125
277,/content/Training/Training/notsmoking_0451.jpg,not-smoking,"(250, 250)",62.8037109375
278,/content/Training/Training/smoking_0155.jpg,smoking,"(250, 250)",84.41015625
279,/content/Training/Training/notsmoking_0452.jpg,not-smoking,"(250, 250)",67.13671875
280,/content/Training/Training/notsmoking_0288.jpg,not-smoking,"(250, 250)",61.7861328125
281,/content/Training/Training/notsmoking_0355.jpg,not-smoking,"(250, 250)",73.427734375
282,/content/Training/Training/notsmoking_0292.jpg,not-smoking,"(250, 250)",66.400390625
283,/content/Training/Training/notsmoking_0300.jpg,not-smoking,"(250, 250)",68.671875
284,/content/Training/Training/smoking_0239.jpg,smoking,"(250, 250)",53.6201171875
285,/content/Training/Training/notsmoking_0097.jpg,not-smoking,"(250, 250)",74.0556640625
286,/content/Training/Training/notsmoking_0128.jpg,not-smoking,"(250, 250)",64.2451171875
287,/content/Training/Training/smoking_0028.jpg,smoking,"(250, 250)",88.34765625
288,/content/Training/Training/notsmoking_0236.jpg,not-smoking,"(250, 250)",60.48828125
289,/content/Training/Training/notsmoking_0387.jpg,not-smoking,"(250, 250)",62.216796875
290,/content/Training/Training/notsmoking_0154.jpg,not-smoking,"(250, 250)",67.4150390625
291,/content/Training/Training/notsmoking_0244.jpg,not-smoking,"(250, 250)",62.125
292,/content/Training/Training/notsmoking_0473.jpg,not-smoking,"(250, 250)",76.41796875
293,/content/Training/Training/notsmoking_0267.jpg,not-smoking,"(250, 250)",60.0791015625
294,/content/Training/Training/smoking_0505.jpg,smoking,"(250, 250)",112.1259765625
295,/content/Training/Training/notsmoking_0224.jpg,not-smoking,"(250, 250)",104.2958984375
296,/content/Training/Training/notsmoking_0384.jpg,not-smoking,"(250, 250)",74.337890625
297,/content/Training/Training/notsmoking_0495.jpg,not-smoking,"(250, 250)",82.4833984375
298,/content/Training/Training/notsmoking_0110.jpg,not-smoking,"(250, 250)",62.6044921875
299,/content/Training/Training/notsmoking_0383.jpg,not-smoking,"(250, 250)",69.9296875
300,/content/Training/Training/notsmoking_0169.jpg,not-smoking,"(250, 250)",74.4453125
301,/content/Training/Training/smoking_0478.jpg,smoking,"(250, 250)",63.5009765625
302,/content/Training/Training/smoking_0082.jpg,smoking,"(250, 250)",107.056640625
303,/content/Training/Training/notsmoking_0412.jpg,not-smoking,"(250, 250)",71.8369140625
304,/content/Training/Training/smoking_0016.jpg,smoking,"(250, 250)",54.9501953125
305,/content/Training/Training/notsmoking_0296.jpg,not-smoking,"(250, 250)",69.9775390625
306,/content/Training/Training/notsmoking_0086.jpg,not-smoking,"(250, 250)",53.5693359375
307,/content/Training/Training/notsmoking_0090.jpg,not-smoking,"(250, 250)",55.2841796875
308,/content/Training/Training/notsmoking_0265.jpg,not-smoking,"(250, 250)",74.53125
309,/content/Training/Training/notsmoking_0456.jpg,not-smoking,"(250, 250)",57.2021484375
310,/content/Training/Training/notsmoking_0394.jpg,not-smoking,"(250, 250)",73.947265625
311,/content/Training/Training/smoking_0001.jpg,smoking,"(250, 250)",56.0146484375
312,/content/Training/Training/smoking_0357.jpg,smoking,"(250, 250)",63.1640625
313,/content/Training/Training/smoking_0103.jpg,smoking,"(250, 250)",61.87109375
314,/content/Training/Training/notsmoking_0112.jpg,not-smoking,"(250, 250)",72.0546875
315,/content/Training/Training/notsmoking_0277.jpg,not-smoking,"(250, 250)",69.7666015625
316,/content/Training/Training/notsmoking_0375.jpg,not-smoking,"(250, 250)",78.6923828125
317,/content/Training/Training/notsmoking_0102.jpg,not-smoking,"(250, 250)",94.119140625
318,/content/Training/Training/smoking_0181.jpg,smoking,"(250, 250)",107.796875
319,/content/Training/Training/notsmoking_0342.jpg,not-smoking,"(250, 250)",73.7587890625
320,/content/Training/Training/smoking_0543.jpg,smoking,"(250, 250)",118.8173828125
321,/content/Training/Training/smoking_0444.jpg,smoking,"(250, 250)",56.048828125
322,/content/Training/Training/smoking_0183.jpg,smoking,"(250, 250)",91.9599609375
323,/content/Training/Training/notsmoking_0070.jpg,not-smoking,"(250, 250)",71.1923828125
324,/content/Training/Training/notsmoking_0364.jpg,not-smoking,"(250, 250)",66.45703125
325,/content/Training/Training/smoking_0049.jpg,smoking,"(250, 250)",50.75
326,/content/Training/Training/notsmoking_0178.jpg,not-smoking,"(250, 250)",77.751953125
327,/content/Training/Training/notsmoking_0526.jpg,not-smoking,"(250, 250)",67.7890625
328,/content/Training/Training/smoking_0136.jpg,smoking,"(250, 250)",69.1015625
329,/content/Training/Training/smoking_0537.jpg,smoking,"(250, 250)",74.65234375
330,/content/Training/Training/smoking_0310.jpg,smoking,"(250, 250)",54.8955078125
331,/content/Training/Training/smoking_0252.jpg,smoking,"(250, 250)",65.90234375
332,/content/Training/Training/notsmoking_0439.jpg,not-smoking,"(250, 250)",78.4921875
333,/content/Training/Training/smoking_0475.jpg,smoking,"(250, 250)",54.572265625
334,/content/Training/Training/smoking_0212.jpg,smoking,"(250, 250)",63.7880859375
335,/content/Training/Training/notsmoking_0282.jpg,not-smoking,"(250, 250)",68.6552734375
336,/content/Training/Training/smoking_0404.jpg,smoking,"(250, 250)",60.18359375
337,/content/Training/Training/smoking_0229.jpg,smoking,"(250, 250)",78.0126953125
338,/content/Training/Training/notsmoking_0381.jpg,not-smoking,"(250, 250)",76.6162109375
339,/content/Training/Training/notsmoking_0418.jpg,not-smoking,"(250, 250)",63.005859375
340,/content/Training/Training/notsmoking_0106.jpg,not-smoking,"(250, 250)",63.265625
341,/content/Training/Training/notsmoking_0402.jpg,not-smoking,"(250, 250)",65.3759765625
342,/content/Training/Training/smoking_0278.jpg,smoking,"(250, 250)",61.8828125
343,/content/Training/Training/smoking_0064.jpg,smoking,"(250, 250)",75.81640625
344,/content/Training/Training/smoking_0253.jpg,smoking,"(250, 250)",87.583984375
345,/content/Training/Training/notsmoking_0027.jpg,not-smoking,"(250, 250)",70.8046875
346,/content/Training/Training/smoking_0008.jpg,smoking,"(250, 250)",70.869140625
347,/content/Training/Training/smoking_0077.jpg,smoking,"(250, 250)",59.1328125
348,/content/Training/Training/smoking_0476.jpg,smoking,"(250, 250)",58.0771484375
349,/content/Training/Training/notsmoking_0276.jpg,not-smoking,"(250, 250)",68.6396484375
350,/content/Training/Training/smoking_0171.jpg,smoking,"(250, 250)",103.5234375
351,/content/Training/Training/smoking_0084.jpg,smoking,"(250, 250)",78.2197265625
352,/content/Training/Training/notsmoking_0219.jpg,not-smoking,"(250, 250)",73.2763671875
353,/content/Training/Training/smoking_0427.jpg,smoking,"(250, 250)",71.865234375
354,/content/Training/Training/notsmoking_0436.jpg,not-smoking,"(250, 250)",63.7255859375
355,/content/Training/Training/notsmoking_0060.jpg,not-smoking,"(250, 250)",84.978515625
356,/content/Training/Training/notsmoking_0507.jpg,not-smoking,"(250, 250)",61.470703125
357,/content/Training/Training/notsmoking_0405.jpg,not-smoking,"(250, 250)",65.384765625
358,/content/Training/Training/smoking_0501.jpg,smoking,"(250, 250)",72.7685546875
359,/content/Training/Training/notsmoking_0199.jpg,not-smoking,"(250, 250)",90.408203125
360,/content/Training/Training/smoking_0440.jpg,smoking,"(250, 250)",67.7060546875
361,/content/Training/Training/smoking_0272.jpg,smoking,"(250, 250)",40.8310546875
362,/content/Training/Training/smoking_0107.jpg,smoking,"(250, 250)",77.8603515625
363,/content/Training/Training/smoking_0365.jpg,smoking,"(250, 250)",74.0166015625
364,/content/Training/Training/smoking_0317.jpg,smoking,"(250, 250)",64.587890625
365,/content/Training/Training/smoking_0014.jpg,smoking,"(250, 250)",74.1904296875
366,/content/Training/Training/smoking_0449.jpg,smoking,"(250, 250)",92.0009765625
367,/content/Training/Training/smoking_0179.jpg,smoking,"(250, 250)",68.8994140625
368,/content/Training/Training/notsmoking_0397.jpg,not-smoking,"(250, 250)",55.5859375
369,/content/Training/Training/smoking_0468.jpg,smoking,"(250, 250)",64.8134765625
370,/content/Training/Training/smoking_0535.jpg,smoking,"(250, 250)",84.580078125
371,/content/Training/Training/notsmoking_0038.jpg,not-smoking,"(250, 250)",77.857421875
372,/content/Training/Training/smoking_0416.jpg,smoking,"(250, 250)",76.9423828125
373,/content/Training/Training/notsmoking_0343.jpg,not-smoking,"(250, 250)",76.01953125
374,/content/Training/Training/smoking_0041.jpg,smoking,"(250, 250)",64.146484375
375,/content/Training/Training/notsmoking_0279.jpg,not-smoking,"(250, 250)",68.646484375
376,/content/Training/Training/notsmoking_0513.jpg,not-smoking,"(250, 250)",51.9111328125
377,/content/Training/Training/notsmoking_0459.jpg,not-smoking,"(250, 250)",54.9521484375
378,/content/Training/Training/smoking_0220.jpg,smoking,"(250, 250)",72.5087890625
379,/content/Training/Training/notsmoking_0353.jpg,not-smoking,"(250, 250)",85.2861328125
380,/content/Training/Training/smoking_0023.jpg,smoking,"(250, 250)",68.4599609375
381,/content/Training/Training/notsmoking_0486.jpg,not-smoking,"(250, 250)",68.111328125
382,/content/Training/Training/smoking_0313.jpg,smoking,"(250, 250)",65.162109375
383,/content/Training/Training/smoking_0337.jpg,smoking,"(250, 250)",67.3193359375
384,/content/Training/Training/notsmoking_0150.jpg,not-smoking,"(250, 250)",57.0087890625
385,/content/Training/Training/smoking_0356.jpg,smoking,"(250, 250)",82.7822265625
386,/content/Training/Training/notsmoking_0067.jpg,not-smoking,"(250, 250)",63.3681640625
387,/content/Training/Training/notsmoking_0287.jpg,not-smoking,"(250, 250)",50.7900390625
388,/content/Training/Training/smoking_0455.jpg,smoking,"(250, 250)",79.8603515625
389,/content/Training/Training/smoking_0116.jpg,smoking,"(250, 250)",80.7802734375
390,/content/Training/Training/notsmoking_0201.jpg,not-smoking,"(250, 250)",80.2548828125
391,/content/Training/Training/notsmoking_0256.jpg,not-smoking,"(250, 250)",60.8525390625
392,/content/Training/Training/smoking_0552.jpg,smoking,"(250, 250)",75.6123046875
393,/content/Training/Training/notsmoking_0168.jpg,not-smoking,"(250, 250)",69.2734375
394,/content/Training/Training/smoking_0363.jpg,smoking,"(250, 250)",64.826171875
395,/content/Training/Training/smoking_0492.jpg,smoking,"(250, 250)",72.2041015625
396,/content/Training/Training/notsmoking_0318.jpg,not-smoking,"(250, 250)",74.3818359375
397,/content/Training/Training/notsmoking_0419.jpg,not-smoking,"(250, 250)",90.421875
398,/content/Training/Training/smoking_0312.jpg,smoking,"(250, 250)",65.3642578125
399,/content/Training/Training/notsmoking_0322.jpg,not-smoking,"(250, 250)",75.8134765625
400,/content/Training/Training/smoking_0350.jpg,smoking,"(250, 250)",84.658203125
401,/content/Training/Training/smoking_0336.jpg,smoking,"(250, 250)",89.5419921875
402,/content/Training/Training/notsmoking_0438.jpg,not-smoking,"(250, 250)",62.587890625
403,/content/Training/Training/notsmoking_0187.jpg,not-smoking,"(250, 250)",73.46484375
404,/content/Training/Training/notsmoking_0208.jpg,not-smoking,"(250, 250)",73.0068359375
405,/content/Training/Training/smoking_0338.jpg,smoking,"(250, 250)",75.3916015625
406,/content/Training/Training/notsmoking_0429.jpg,not-smoking,"(250, 250)",75.2939453125
407,/content/Training/Training/smoking_0343.jpg,smoking,"(250, 250)",65.8212890625
408,/content/Training/Training/smoking_0226.jpg,smoking,"(250, 250)",68.7265625
409,/content/Training/Training/notsmoking_0197.jpg,not-smoking,"(250, 250)",59.9208984375
410,/content/Training/Training/notsmoking_0485.jpg,not-smoking,"(250, 250)",55.40234375
411,/content/Training/Training/smoking_0419.jpg,smoking,"(250, 250)",67.0087890625
412,/content/Training/Training/smoking_0184.jpg,smoking,"(250, 250)",102.134765625
413,/content/Training/Training/notsmoking_0065.jpg,not-smoking,"(250, 250)",56.6669921875
414,/content/Training/Training/smoking_0195.jpg,smoking,"(250, 250)",80.6552734375
415,/content/Training/Training/notsmoking_0330.jpg,not-smoking,"(250, 250)",71.3271484375
416,/content/Training/Training/notsmoking_0204.jpg,not-smoking,"(250, 250)",70.2880859375
417,/content/Training/Training/notsmoking_0046.jpg,not-smoking,"(250, 250)",45.5810546875
418,/content/Training/Training/notsmoking_0117.jpg,not-smoking,"(250, 250)",49.19140625
419,/content/Training/Training/smoking_0256.jpg,smoking,"(250, 250)",99.8779296875
420,/content/Training/Training/smoking_0005.jpg,smoking,"(250, 250)",76.03515625
421,/content/Training/Training/notsmoking_0302.jpg,not-smoking,"(250, 250)",54.5361328125
422,/content/Training/Training/smoking_0305.jpg,smoking,"(250, 250)",76.08203125
423,/content/Training/Training/smoking_0480.jpg,smoking,"(250, 250)",68.4501953125
424,/content/Training/Training/notsmoking_0484.jpg,not-smoking,"(250, 250)",81.8671875
425,/content/Training/Training/notsmoking_0434.jpg,not-smoking,"(250, 250)",55.2451171875
426,/content/Training/Training/smoking_0201.jpg,smoking,"(250, 250)",70.837890625
427,/content/Training/Training/notsmoking_0001.jpg,not-smoking,"(250, 250)",70.416015625
428,/content/Training/Training/notsmoking_0560.jpg,not-smoking,"(250, 250)",71.7431640625
429,/content/Training/Training/notsmoking_0559.jpg,not-smoking,"(250, 250)",111.9765625
430,/content/Training/Training/smoking_0418.jpg,smoking,"(250, 250)",96.0908203125
431,/content/Training/Training/smoking_0159.jpg,smoking,"(250, 250)",60.55078125
432,/content/Training/Training/notsmoking_0166.jpg,not-smoking,"(250, 250)",49.1015625
433,/content/Training/Training/notsmoking_0176.jpg,not-smoking,"(250, 250)",73.330078125
434,/content/Training/Training/smoking_0166.jpg,smoking,"(250, 250)",67.361328125
435,/content/Training/Training/notsmoking_0295.jpg,not-smoking,"(250, 250)",83.97265625
436,/content/Training/Training/notsmoking_0479.jpg,not-smoking,"(250, 250)",63.5234375
437,/content/Training/Training/notsmoking_0290.jpg,not-smoking,"(250, 250)",68.1796875
438,/content/Training/Training/smoking_0022.jpg,smoking,"(250, 250)",67.0419921875
439,/content/Training/Training/smoking_0379.jpg,smoking,"(250, 250)",61.1005859375
440,/content/Training/Training/smoking_0335.jpg,smoking,"(250, 250)",79.3310546875
441,/content/Training/Training/notsmoking_0356.jpg,not-smoking,"(250, 250)",63.8818359375
442,/content/Training/Training/smoking_0341.jpg,smoking,"(250, 250)",63.1416015625
443,/content/Training/Training/smoking_0151.jpg,smoking,"(250, 250)",83.5966796875
444,/content/Training/Training/notsmoking_0040.jpg,not-smoking,"(250, 250)",52.5703125
445,/content/Training/Training/notsmoking_0443.jpg,not-smoking,"(250, 250)",78.2724609375
446,/content/Training/Training/smoking_0284.jpg,smoking,"(250, 250)",44.509765625
447,/content/Training/Training/smoking_0495.jpg,smoking,"(250, 250)",78.5224609375
448,/content/Training/Training/smoking_0348.jpg,smoking,"(250, 250)",68.5087890625
449,/content/Training/Training/smoking_0080.jpg,smoking,"(250, 250)",56.4248046875
450,/content/Training/Training/notsmoking_0537.jpg,not-smoking,"(250, 250)",74.80078125
451,/content/Training/Training/smoking_0456.jpg,smoking,"(250, 250)",73.53515625
452,/content/Training/Training/notsmoking_0056.jpg,not-smoking,"(250, 250)",92.4091796875
453,/content/Training/Training/notsmoking_0550.jpg,not-smoking,"(250, 250)",80.876953125
454,/content/Training/Training/smoking_0353.jpg,smoking,"(250, 250)",69.5888671875
455,/content/Training/Training/notsmoking_0445.jpg,not-smoking,"(250, 250)",74.2421875
456,/content/Training/Training/notsmoking_0019.jpg,not-smoking,"(250, 250)",91.08984375
457,/content/Training/Training/smoking_0146.jpg,smoking,"(250, 250)",110.09375
458,/content/Training/Training/notsmoking_0416.jpg,not-smoking,"(250, 250)",83.5654296875
459,/content/Training/Training/notsmoking_0404.jpg,not-smoking,"(250, 250)",50.0263671875
460,/content/Training/Training/smoking_0319.jpg,smoking,"(250, 250)",65.1171875
461,/content/Training/Training/smoking_0086.jpg,smoking,"(250, 250)",73.6435546875
462,/content/Training/Training/smoking_0230.jpg,smoking,"(250, 250)",64.1142578125
463,/content/Training/Training/smoking_0276.jpg,smoking,"(250, 250)",50.8271484375
464,/content/Training/Training/notsmoking_0430.jpg,not-smoking,"(250, 250)",66.9375
465,/content/Training/Training/notsmoking_0241.jpg,not-smoking,"(250, 250)",53.216796875
466,/content/Training/Training/notsmoking_0076.jpg,not-smoking,"(250, 250)",69.751953125
467,/content/Training/Training/smoking_0433.jpg,smoking,"(250, 250)",86.05859375
468,/content/Training/Training/notsmoking_0142.jpg,not-smoking,"(250, 250)",72.2294921875
469,/content/Training/Training/smoking_0066.jpg,smoking,"(250, 250)",59.1884765625
470,/content/Training/Training/smoking_0499.jpg,smoking,"(250, 250)",82.80078125
471,/content/Training/Training/notsmoking_0196.jpg,not-smoking,"(250, 250)",77.06640625
472,/content/Training/Training/notsmoking_0121.jpg,not-smoking,"(250, 250)",75.80859375
473,/content/Training/Training/smoking_0438.jpg,smoking,"(250, 250)",94.060546875
474,/content/Training/Training/smoking_0180.jpg,smoking,"(250, 250)",100.5849609375
475,/content/Training/Training/notsmoking_0461.jpg,not-smoking,"(250, 250)",68.24609375
476,/content/Training/Training/smoking_0465.jpg,smoking,"(250, 250)",68.9921875
477,/content/Training/Training/smoking_0193.jpg,smoking,"(250, 250)",59.736328125
478,/content/Training/Training/notsmoking_0363.jpg,not-smoking,"(250, 250)",71.3173828125
479,/content/Training/Training/notsmoking_0160.jpg,not-smoking,"(250, 250)",79.34375
480,/content/Training/Training/smoking_0389.jpg,smoking,"(250, 250)",53.4365234375
481,/content/Training/Training/notsmoking_0391.jpg,not-smoking,"(250, 250)",71.810546875
482,/content/Training/Training/smoking_0360.jpg,smoking,"(250, 250)",73.8681640625
483,/content/Training/Training/notsmoking_0323.jpg,not-smoking,"(250, 250)",67.1630859375
484,/content/Training/Training/notsmoking_0304.jpg,not-smoking,"(250, 250)",74.125
485,/content/Training/Training/notsmoking_0175.jpg,not-smoking,"(250, 250)",63.740234375
486,/content/Training/Training/smoking_0430.jpg,smoking,"(250, 250)",78.302734375
487,/content/Training/Training/smoking_0461.jpg,smoking,"(250, 250)",65.1611328125
488,/content/Training/Training/smoking_0502.jpg,smoking,"(250, 250)",56.7646484375
489,/content/Training/Training/notsmoking_0468.jpg,not-smoking,"(250, 250)",74.541015625
490,/content/Training/Training/smoking_0194.jpg,smoking,"(250, 250)",79.955078125
491,/content/Training/Training/notsmoking_0511.jpg,not-smoking,"(250, 250)",70.6083984375
492,/content/Training/Training/smoking_0165.jpg,smoking,"(250, 250)",82.5654296875
493,/content/Training/Training/notsmoking_0174.jpg,not-smoking,"(250, 250)",69.083984375
494,/content/Training/Training/smoking_0087.jpg,smoking,"(250, 250)",86.4189453125
495,/content/Training/Training/notsmoking_0042.jpg,not-smoking,"(250, 250)",57.751953125
496,/content/Training/Training/notsmoking_0271.jpg,not-smoking,"(250, 250)",69.2099609375
497,/content/Training/Training/smoking_0221.jpg,smoking,"(250, 250)",88.0595703125
498,/content/Training/Training/smoking_0002.jpg,smoking,"(250, 250)",70.111328125
499,/content/Training/Training/smoking_0079.jpg,smoking,"(250, 250)",85.19921875
500,/content/Training/Training/notsmoking_0386.jpg,not-smoking,"(250, 250)",79.8779296875
501,/content/Training/Training/notsmoking_0021.jpg,not-smoking,"(250, 250)",68.595703125
502,/content/Training/Training/smoking_0532.jpg,smoking,"(250, 250)",82.158203125
503,/content/Training/Training/notsmoking_0008.jpg,not-smoking,"(250, 250)",58.896484375
504,/content/Training/Training/smoking_0392.jpg,smoking,"(250, 250)",66.6259765625
505,/content/Training/Training/smoking_0235.jpg,smoking,"(250, 250)",76.369140625
506,/content/Training/Training/notsmoking_0480.jpg,not-smoking,"(250, 250)",58.5458984375
507,/content/Training/Training/smoking_0288.jpg,smoking,"(250, 250)",65.6474609375
508,/content/Training/Training/smoking_0167.jpg,smoking,"(250, 250)",68.1396484375
509,/content/Training/Training/notsmoking_0407.jpg,not-smoking,"(250, 250)",56.1376953125
510,/content/Training/Training/smoking_0491.jpg,smoking,"(250, 250)",99.04296875
511,/content/Training/Training/notsmoking_0427.jpg,not-smoking,"(250, 250)",61.8408203125
512,/content/Training/Training/notsmoking_0523.jpg,not-smoking,"(250, 250)",64.4755859375
513,/content/Training/Training/notsmoking_0335.jpg,not-smoking,"(250, 250)",67.27734375
514,/content/Training/Training/smoking_0297.jpg,smoking,"(250, 250)",66.47265625
515,/content/Training/Training/smoking_0118.jpg,smoking,"(250, 250)",83.71484375
516,/content/Training/Training/notsmoking_0011.jpg,not-smoking,"(250, 250)",86.8046875
517,/content/Training/Training/smoking_0294.jpg,smoking,"(250, 250)",55.1552734375
518,/content/Training/Training/notsmoking_0179.jpg,not-smoking,"(250, 250)",64.7353515625
519,/content/Training/Training/notsmoking_0264.jpg,not-smoking,"(250, 250)",57.369140625
520,/content/Training/Training/smoking_0402.jpg,smoking,"(250, 250)",61.962890625
521,/content/Training/Training/smoking_0421.jpg,smoking,"(250, 250)",83.7802734375
522,/content/Training/Training/notsmoking_0350.jpg,not-smoking,"(250, 250)",72.7626953125
523,/content/Training/Training/smoking_0299.jpg,smoking,"(250, 250)",76.5341796875
524,/content/Training/Training/notsmoking_0303.jpg,not-smoking,"(250, 250)",93.6494140625
525,/content/Training/Training/smoking_0410.jpg,smoking,"(250, 250)",86.0439453125
526,/content/Training/Training/notsmoking_0541.jpg,not-smoking,"(250, 250)",79.2900390625
527,/content/Training/Training/notsmoking_0015.jpg,not-smoking,"(250, 250)",79.9296875
528,/content/Training/Training/notsmoking_0009.jpg,not-smoking,"(250, 250)",93.322265625
529,/content/Training/Training/smoking_0142.jpg,smoking,"(250, 250)",61.76953125
530,/content/Training/Training/smoking_0271.jpg,smoking,"(250, 250)",85.9931640625
531,/content/Training/Training/notsmoking_0113.jpg,not-smoking,"(250, 250)",64.1142578125
532,/content/Training/Training/smoking_0450.jpg,smoking,"(250, 250)",67.1201171875
533,/content/Training/Training/notsmoking_0349.jpg,not-smoking,"(250, 250)",65.033203125
534,/content/Training/Training/smoking_0355.jpg,smoking,"(250, 250)",76.6796875
535,/content/Training/Training/notsmoking_0043.jpg,not-smoking,"(250, 250)",75.03515625
536,/content/Training/Training/smoking_0401.jpg,smoking,"(250, 250)",72.1767578125
537,/content/Training/Training/smoking_0526.jpg,smoking,"(250, 250)",45.912109375
538,/content/Training/Training/smoking_0283.jpg,smoking,"(250, 250)",63.330078125
539,/content/Training/Training/notsmoking_0195.jpg,not-smoking,"(250, 250)",62.625
540,/content/Training/Training/notsmoking_0361.jpg,not-smoking,"(250, 250)",71.35546875
541,/content/Training/Training/notsmoking_0423.jpg,not-smoking,"(250, 250)",66.8603515625
542,/content/Training/Training/notsmoking_0466.jpg,not-smoking,"(250, 250)",90.2958984375
543,/content/Training/Training/notsmoking_0245.jpg,not-smoking,"(250, 250)",66.951171875
544,/content/Training/Training/notsmoking_0189.jpg,not-smoking,"(250, 250)",50.08203125
545,/content/Training/Training/notsmoking_0359.jpg,not-smoking,"(250, 250)",68.3798828125
546,/content/Training/Training/notsmoking_0253.jpg,not-smoking,"(250, 250)",56.06640625
547,/content/Training/Training/notsmoking_0463.jpg,not-smoking,"(250, 250)",61.775390625
548,/content/Training/Training/smoking_0137.jpg,smoking,"(250, 250)",79.5908203125
549,/content/Training/Training/smoking_0209.jpg,smoking,"(250, 250)",93.9453125
550,/content/Training/Training/notsmoking_0087.jpg,not-smoking,"(250, 250)",74.1611328125
551,/content/Training/Training/smoking_0101.jpg,smoking,"(250, 250)",80.7421875
552,/content/Training/Training/smoking_0442.jpg,smoking,"(250, 250)",58.7568359375
553,/content/Training/Training/smoking_0072.jpg,smoking,"(250, 250)",84.1630859375
554,/content/Training/Training/smoking_0485.jpg,smoking,"(250, 250)",48.7744140625
555,/content/Training/Training/notsmoking_0337.jpg,not-smoking,"(250, 250)",58.466796875
556,/content/Training/Training/smoking_0333.jpg,smoking,"(250, 250)",69.6474609375
557,/content/Training/Training/notsmoking_0415.jpg,not-smoking,"(250, 250)",72.5283203125
558,/content/Training/Training/notsmoking_0331.jpg,not-smoking,"(250, 250)",54.4697265625
559,/content/Training/Training/smoking_0488.jpg,smoking,"(250, 250)",91.6728515625
560,/content/Training/Training/notsmoking_0425.jpg,not-smoking,"(250, 250)",80.369140625
561,/content/Training/Training/notsmoking_0376.jpg,not-smoking,"(250, 250)",80.7783203125
562,/content/Training/Training/smoking_0453.jpg,smoking,"(250, 250)",61.9599609375
563,/content/Training/Training/notsmoking_0341.jpg,not-smoking,"(250, 250)",68.296875
564,/content/Training/Training/smoking_0204.jpg,smoking,"(250, 250)",84.322265625
565,/content/Training/Training/smoking_0037.jpg,smoking,"(250, 250)",93.509765625
566,/content/Training/Training/smoking_0523.jpg,smoking,"(250, 250)",77.85546875
567,/content/Training/Training/notsmoking_0080.jpg,not-smoking,"(250, 250)",59.296875
568,/content/Training/Training/notsmoking_0520.jpg,not-smoking,"(250, 250)",70.974609375
569,/content/Training/Training/notsmoking_0464.jpg,not-smoking,"(250, 250)",64.859375
570,/content/Training/Training/smoking_0035.jpg,smoking,"(250, 250)",118.73046875
571,/content/Training/Training/notsmoking_0339.jpg,not-smoking,"(250, 250)",61.47265625
572,/content/Training/Training/smoking_0364.jpg,smoking,"(250, 250)",71.181640625
573,/content/Training/Training/smoking_0097.jpg,smoking,"(250, 250)",84.8056640625
574,/content/Training/Training/smoking_0554.jpg,smoking,"(250, 250)",50.84375
575,/content/Training/Training/smoking_0164.jpg,smoking,"(250, 250)",100.228515625
576,/content/Training/Training/notsmoking_0555.jpg,not-smoking,"(250, 250)",62.8623046875
577,/content/Training/Training/notsmoking_0453.jpg,not-smoking,"(250, 250)",56.9716796875
578,/content/Training/Training/notsmoking_0051.jpg,not-smoking,"(250, 250)",73.2998046875
579,/content/Training/Training/smoking_0010.jpg,smoking,"(250, 250)",54.3642578125
580,/content/Training/Training/smoking_0090.jpg,smoking,"(250, 250)",91.251953125
581,/content/Training/Training/notsmoking_0347.jpg,not-smoking,"(250, 250)",55.8994140625
582,/content/Training/Training/notsmoking_0127.jpg,not-smoking,"(250, 250)",93.318359375
583,/content/Training/Training/notsmoking_0293.jpg,not-smoking,"(250, 250)",50.171875
584,/content/Training/Training/notsmoking_0161.jpg,not-smoking,"(250, 250)",63.6015625
585,/content/Training/Training/notsmoking_0556.jpg,not-smoking,"(250, 250)",73.6962890625
586,/content/Training/Training/notsmoking_0489.jpg,not-smoking,"(250, 250)",80.56640625
587,/content/Training/Training/smoking_0538.jpg,smoking,"(250, 250)",63.4951171875
588,/content/Training/Training/smoking_0328.jpg,smoking,"(250, 250)",74.837890625
589,/content/Training/Training/notsmoking_0123.jpg,not-smoking,"(250, 250)",101.3603515625
590,/content/Training/Training/smoking_0415.jpg,smoking,"(250, 250)",67.330078125
591,/content/Training/Training/smoking_0200.jpg,smoking,"(250, 250)",81.828125
592,/content/Training/Training/smoking_0108.jpg,smoking,"(250, 250)",113.271484375
593,/content/Training/Training/notsmoking_0497.jpg,not-smoking,"(250, 250)",74.4716796875
594,/content/Training/Training/smoking_0405.jpg,smoking,"(250, 250)",62.990234375
595,/content/Training/Training/smoking_0266.jpg,smoking,"(250, 250)",70.6484375
596,/content/Training/Training/smoking_0399.jpg,smoking,"(250, 250)",75.7412109375
597,/content/Training/Training/smoking_0408.jpg,smoking,"(250, 250)",54.7763671875
598,/content/Training/Training/smoking_0124.jpg,smoking,"(250, 250)",81.2431640625
599,/content/Training/Training/smoking_0120.jpg,smoking,"(250, 250)",72.1923828125
600,/content/Training/Training/smoking_0302.jpg,smoking,"(250, 250)",53.46875
601,/content/Training/Training/smoking_0152.jpg,smoking,"(250, 250)",70.2587890625
602,/content/Training/Training/notsmoking_0424.jpg,not-smoking,"(250, 250)",90.201171875
603,/content/Training/Training/smoking_0326.jpg,smoking,"(250, 250)",41.697265625
604,/content/Training/Training/notsmoking_0370.jpg,not-smoking,"(250, 250)",64.6142578125
605,/content/Training/Training/notsmoking_0211.jpg,not-smoking,"(250, 250)",84.9619140625
606,/content/Training/Training/notsmoking_0544.jpg,not-smoking,"(250, 250)",78.5810546875
607,/content/Training/Training/smoking_0174.jpg,smoking,"(250, 250)",66.4462890625
608,/content/Training/Training/notsmoking_0055.jpg,not-smoking,"(250, 250)",76.541015625
609,/content/Training/Training/smoking_0112.jpg,smoking,"(250, 250)",71.216796875
610,/content/Training/Training/notsmoking_0098.jpg,not-smoking,"(250, 250)",63.3486328125
611,/content/Training/Training/smoking_0394.jpg,smoking,"(250, 250)",68.2646484375
612,/content/Training/Training/smoking_0012.jpg,smoking,"(250, 250)",52.2236328125
613,/content/Training/Training/notsmoking_0186.jpg,not-smoking,"(250, 250)",76.3828125
614,/content/Training/Training/smoking_0191.jpg,smoking,"(250, 250)",77.4130859375
615,/content/Training/Training/notsmoking_0200.jpg,not-smoking,"(250, 250)",87.3037109375
616,/content/Training/Training/notsmoking_0054.jpg,not-smoking,"(250, 250)",84.060546875
617,/content/Training/Training/smoking_0098.jpg,smoking,"(250, 250)",69.6025390625
618,/content/Training/Training/smoking_0121.jpg,smoking,"(250, 250)",79.6552734375
619,/content/Training/Training/notsmoking_0536.jpg,not-smoking,"(250, 250)",72.4462890625
620,/content/Training/Training/smoking_0470.jpg,smoking,"(250, 250)",76.1669921875
621,/content/Training/Training/notsmoking_0413.jpg,not-smoking,"(250, 250)",68.3388671875
622,/content/Training/Training/smoking_0208.jpg,smoking,"(250, 250)",85.7685546875
623,/content/Training/Training/notsmoking_0016.jpg,not-smoking,"(250, 250)",65.810546875
624,/content/Training/Training/smoking_0550.jpg,smoking,"(250, 250)",79.5458984375
625,/content/Training/Training/smoking_0354.jpg,smoking,"(250, 250)",71.7109375
626,/content/Training/Training/notsmoking_0512.jpg,not-smoking,"(250, 250)",53.1669921875
627,/content/Training/Training/smoking_0052.jpg,smoking,"(250, 250)",74.5068359375
628,/content/Training/Training/notsmoking_0243.jpg,not-smoking,"(250, 250)",79.158203125
629,/content/Training/Training/smoking_0059.jpg,smoking,"(250, 250)",67.060546875
630,/content/Training/Training/notsmoking_0483.jpg,not-smoking,"(250, 250)",56.791015625
631,/content/Training/Training/smoking_0306.jpg,smoking,"(250, 250)",48.666015625
632,/content/Training/Training/notsmoking_0135.jpg,not-smoking,"(250, 250)",51.6240234375
633,/content/Training/Training/notsmoking_0210.jpg,not-smoking,"(250, 250)",69.41796875
634,/content/Training/Training/notsmoking_0035.jpg,not-smoking,"(250, 250)",74.97265625
635,/content/Training/Training/smoking_0289.jpg,smoking,"(250, 250)",65.73046875
636,/content/Training/Training/notsmoking_0230.jpg,not-smoking,"(250, 250)",69.1953125
637,/content/Training/Training/notsmoking_0093.jpg,not-smoking,"(250, 250)",78.966796875
638,/content/Training/Training/notsmoking_0077.jpg,not-smoking,"(250, 250)",68.34375
639,/content/Training/Training/notsmoking_0400.jpg,not-smoking,"(250, 250)",54.5908203125
640,/content/Training/Training/notsmoking_0031.jpg,not-smoking,"(250, 250)",41.3232421875
641,/content/Training/Training/smoking_0497.jpg,smoking,"(250, 250)",81.283203125
642,/content/Training/Training/smoking_0175.jpg,smoking,"(250, 250)",78.779296875
643,/content/Training/Training/smoking_0309.jpg,smoking,"(250, 250)",76.0234375
644,/content/Training/Training/smoking_0091.jpg,smoking,"(250, 250)",80.751953125
645,/content/Training/Training/notsmoking_0260.jpg,not-smoking,"(250, 250)",67.1552734375
646,/content/Training/Training/notsmoking_0005.jpg,not-smoking,"(250, 250)",71.9267578125
647,/content/Training/Training/notsmoking_0143.jpg,not-smoking,"(250, 250)",69.8984375
648,/content/Training/Training/notsmoking_0050.jpg,not-smoking,"(250, 250)",72.466796875
649,/content/Training/Training/smoking_0293.jpg,smoking,"(250, 250)",70.716796875
650,/content/Training/Training/notsmoking_0510.jpg,not-smoking,"(250, 250)",57.6142578125
651,/content/Training/Training/smoking_0242.jpg,smoking,"(250, 250)",74.958984375
652,/content/Training/Training/notsmoking_0206.jpg,not-smoking,"(250, 250)",61.939453125
653,/content/Training/Training/notsmoking_0118.jpg,not-smoking,"(250, 250)",72.828125
654,/content/Training/Training/notsmoking_0503.jpg,not-smoking,"(250, 250)",51.8154296875
655,/content/Training/Training/smoking_0295.jpg,smoking,"(250, 250)",54.32421875
656,/content/Training/Training/notsmoking_0218.jpg,not-smoking,"(250, 250)",100.7431640625
657,/content/Training/Training/smoking_0323.jpg,smoking,"(250, 250)",85.0302734375
658,/content/Training/Training/smoking_0238.jpg,smoking,"(250, 250)",58.80078125
659,/content/Training/Training/notsmoking_0551.jpg,not-smoking,"(250, 250)",60.36328125
660,/content/Training/Training/smoking_0213.jpg,smoking,"(250, 250)",79.197265625
661,/content/Training/Training/smoking_0367.jpg,smoking,"(250, 250)",84.8095703125
662,/content/Training/Training/notsmoking_0540.jpg,not-smoking,"(250, 250)",69.767578125
663,/content/Training/Training/smoking_0331.jpg,smoking,"(250, 250)",94.767578125
664,/content/Training/Training/smoking_0198.jpg,smoking,"(250, 250)",103.6279296875
665,/content/Training/Training/notsmoking_0061.jpg,not-smoking,"(250, 250)",71.6123046875
666,/content/Training/Training/notsmoking_0447.jpg,not-smoking,"(250, 250)",73.66015625
667,/content/Training/Training/smoking_0054.jpg,smoking,"(250, 250)",67.0341796875
668,/content/Training/Training/smoking_0225.jpg,smoking,"(250, 250)",81.142578125
669,/content/Training/Training/smoking_0371.jpg,smoking,"(250, 250)",53.3779296875
670,/content/Training/Training/smoking_0017.jpg,smoking,"(250, 250)",81.275390625
671,/content/Training/Training/notsmoking_0524.jpg,not-smoking,"(250, 250)",70.7958984375
672,/content/Training/Training/notsmoking_0030.jpg,not-smoking,"(250, 250)",66.642578125
673,/content/Training/Training/smoking_0344.jpg,smoking,"(250, 250)",74.5595703125
674,/content/Training/Training/smoking_0236.jpg,smoking,"(250, 250)",83.9765625
675,/content/Training/Training/notsmoking_0299.jpg,not-smoking,"(250, 250)",61.6328125
676,/content/Training/Training/smoking_0270.jpg,smoking,"(250, 250)",57.7568359375
677,/content/Training/Training/smoking_0169.jpg,smoking,"(250, 250)",72.271484375
678,/content/Training/Training/notsmoking_0365.jpg,not-smoking,"(250, 250)",76.439453125
679,/content/Training/Training/notsmoking_0324.jpg,not-smoking,"(250, 250)",100.0244140625
680,/content/Training/Training/smoking_0058.jpg,smoking,"(250, 250)",56.533203125
681,/content/Training/Training/smoking_0275.jpg,smoking,"(250, 250)",92.1103515625
682,/content/Training/Training/smoking_0110.jpg,smoking,"(250, 250)",97.201171875
683,/content/Training/Training/notsmoking_0193.jpg,not-smoking,"(250, 250)",63.15234375
684,/content/Training/Training/smoking_0439.jpg,smoking,"(250, 250)",74.7216796875
685,/content/Training/Training/notsmoking_0411.jpg,not-smoking,"(250, 250)",67.216796875
686,/content/Training/Training/notsmoking_0334.jpg,not-smoking,"(250, 250)",70.01953125
687,/content/Training/Training/smoking_0315.jpg,smoking,"(250, 250)",52.9677734375
688,/content/Training/Training/smoking_0104.jpg,smoking,"(250, 250)",77.6328125
689,/content/Training/Training/smoking_0085.jpg,smoking,"(250, 250)",71.9609375
690,/content/Training/Training/notsmoking_0059.jpg,not-smoking,"(250, 250)",72.927734375
691,/content/Training/Training/notsmoking_0262.jpg,not-smoking,"(250, 250)",72.4833984375
692,/content/Training/Training/notsmoking_0037.jpg,not-smoking,"(250, 250)",86.1396484375
693,/content/Training/Training/smoking_0500.jpg,smoking,"(250, 250)",77.53515625
694,/content/Training/Training/smoking_0435.jpg,smoking,"(250, 250)",45.509765625
695,/content/Training/Training/notsmoking_0270.jpg,not-smoking,"(250, 250)",55.181640625
696,/content/Training/Training/smoking_0290.jpg,smoking,"(250, 250)",52.48046875
697,/content/Training/Training/smoking_0560.jpg,smoking,"(250, 250)",65.455078125
698,/content/Training/Training/notsmoking_0214.jpg,not-smoking,"(250, 250)",86.9658203125
699,/content/Training/Training/notsmoking_0229.jpg,not-smoking,"(250, 250)",75.892578125
700,/content/Training/Training/notsmoking_0012.jpg,not-smoking,"(250, 250)",61.3349609375
701,/content/Training/Training/smoking_0214.jpg,smoking,"(250, 250)",73.82421875
702,/content/Training/Training/smoking_0463.jpg,smoking,"(250, 250)",65.830078125
703,/content/Training/Training/smoking_0347.jpg,smoking,"(250, 250)",73.6240234375
704,/content/Training/Training/notsmoking_0326.jpg,not-smoking,"(250, 250)",74.1298828125
705,/content/Training/Training/smoking_0452.jpg,smoking,"(250, 250)",60.4091796875
706,/content/Training/Training/notsmoking_0010.jpg,not-smoking,"(250, 250)",63.8974609375
707,/content/Training/Training/smoking_0062.jpg,smoking,"(250, 250)",67.927734375
708,/content/Training/Training/notsmoking_0103.jpg,not-smoking,"(250, 250)",71.671875
709,/content/Training/Training/smoking_0188.jpg,smoking,"(250, 250)",77.65625
710,/content/Training/Training/smoking_0257.jpg,smoking,"(250, 250)",68.6201171875
711,/content/Training/Training/smoking_0143.jpg,smoking,"(250, 250)",83.79296875
712,/content/Training/Training/smoking_0099.jpg,smoking,"(250, 250)",89.2978515625
713,/content/Training/Training/smoking_0186.jpg,smoking,"(250, 250)",104.81640625
714,/content/Training/Training/smoking_0135.jpg,smoking,"(250, 250)",86.095703125
715,/content/Training/Training/smoking_0055.jpg,smoking,"(250, 250)",65.4287109375
